{"schemaVersion":"1.0","appDefinitionTemplate":{"id":"/providers/Microsoft.PowerApps/apps/","type":"Microsoft.PowerApps/apps","tags":{"minimumRequiredApiVersion":"2.2.0"},"properties":{"appVersion":"2018-10-26T09:07:44Z","lifeCycleId":"Published","createdByClientVersion":{"major":3,"minor":18103,"build":23,"revision":0,"majorRevision":0,"minorRevision":0},"minClientVersion":{"major":3,"minor":18103,"build":23,"revision":0,"majorRevision":0,"minorRevision":0},"backgroundColor":"rgba(44, 125, 154, 1)","backgroundImageUri":"/13806812644443127405/Nc2272f51-7834-4e6f-8991-402d222528b3-logoSmallFile","displayName":"Invite Azure AD B2B User","description":"","appUris":{"documentUri":{"value":"/13806812644443127405/N5fc9bd7a-02f6-4a74-aa85-ff39c701b4cc-document.msapp","readonlyValue":"/13806812644443127405/N5fc9bd7a-02f6-4a74-aa85-ff39c701b4cc-document.msapp"},"imageUris":[]},"createdTime":"0001-01-01T00:00:00Z","lastModifiedTime":"0001-01-01T00:00:00Z","sharedGroupsCount":0,"sharedUsersCount":0,"icons":{"smallIconUri":"/13806812644443127405/Ne640bafe-a994-4dca-b7f8-98cbc812374e-small.png","mediumIconUri":"/13806812644443127405/N17f59518-67d4-4b96-b95c-2d69099214c1-medium.png","largeIconUri":"/13806812644443127405/Nf893383a-fc34-42df-91f6-54c65e08f47e-large.png","wideIconUri":"/13806812644443127405/Na7a614c4-e015-4fa3-a639-79b8f3618cdd-wide.png"},"connectionReferences":{"5fb8058f-48a3-6262-e3d2-8cec792f5cac":{"id":"8e7a54c4-5ec7-4a3f-ae1d-50994a43ed2a","displayName":"Office 365 Users","iconUri":"https://connectoricons-prod.azureedge.net/office365users/icon_1.0.1002.1175.png","dataSources":["Office365Users"],"dependencies":[],"dependents":[],"parameterHints":{},"isOnPremiseConnection":false,"bypassConsent":false,"dataSets":{},"apiTier":"Standard"},"04f047ac-2585-49b7-b8ab-2fda655aaede":{"id":"20fb71cf-aafd-48c6-8480-6d61ce90130d","displayName":"Logic flows","iconUri":"https://resourcestackdeploy.blob.core.windows.net/scripts/13276078.png","dataSources":["SendFlowAzureADB2BInvite"],"dependencies":["596b78e7-5052-4024-8266-96154ee2fda5"],"dependents":[],"parameterHints":{"workflowName":{"value":"a1d07c53-752f-4010-94bb-5823dd6c80ea"},"596b78e7-5052-4024-8266-96154ee2fda5":{"value":"shared_powerapps.20microsoft.20graph.5faf0c49565087fa8-78783e2bf47c2a78"}},"isOnPremiseConnection":false,"bypassConsent":false,"dataSets":{},"apiTier":"Standard"},"596b78e7-5052-4024-8266-96154ee2fda5":{"id":"64ce47e0-c5be-4290-9760-ef29b0a80447","displayName":"PowerApps Microsoft Graph","iconUri":"https://prodapiicons.cdn.powerappscdn.net/20181026t000000z4248cca615554e1a8ab391ac2e6a50f4/customconnectoricon.customconnectoricon","dataSources":[],"dependencies":[],"dependents":["04f047ac-2585-49b7-b8ab-2fda655aaede"],"parameterHints":{},"isOnPremiseConnection":false,"bypassConsent":false,"dataSets":{},"apiTier":"Standard"}},"almMode":"Environment"}}}