{"name":"7011d6e3-6546-41b0-b616-0366655cb37f","id":"/providers/Microsoft.Flow/flows/7011d6e3-6546-41b0-b616-0366655cb37f","type":"Microsoft.Flow/flows","properties":{"apiId":"/providers/Microsoft.PowerApps/apis/shared_logicflows","displayName":"Send Flow Azure AD B2B Invite","definition":{"metadata":{"workflowEntityId":null,"creator":{"id":"0f37de95-a6b4-491d-8425-32a370ed7b5d","type":"User","tenantId":"104742fb-6225-439f-9540-60da5f0317dc"},"provisioningMethod":"FromDefinition","failureAlertSubscription":true,"clientLastModifiedTime":"2018-10-26T08:43:02.9529163Z"},"$schema":"https://schema.management.azure.com/providers/Microsoft.Logic/schemas/2016-06-01/workflowdefinition.json#","contentVersion":"1.0.0.0","parameters":{"$connections":{"defaultValue":{},"type":"Object"},"$authentication":{"defaultValue":{},"type":"SecureObject"}},"triggers":{"manual":{"type":"Request","kind":"PowerApp","inputs":{"schema":{"type":"object","required":["InviteB2BUser_invitedUserDisplayName","InviteB2BUser_invitedUserEmailAddress","InviteB2BUser_messageLanguage","InviteB2BUser_ccRecipientsname","InviteB2BUser_ccRecipientsaddress","InviteB2BUser_customizedMessageBody","InviteB2BUser_sendInvitationMessage","InviteB2BUser_inviteRedirectUrl","CreateTeamsChatThread_teamId","CreateTeamsChatThread_channelId"],"properties":{"InviteB2BUser_invitedUserDisplayName":{"type":"string","description":"invitedUserDisplayName","x-ms-powerflows-param-ispartial":false},"InviteB2BUser_invitedUserEmailAddress":{"type":"string","description":"invitedUserEmailAddress","x-ms-powerflows-param-ispartial":false},"InviteB2BUser_messageLanguage":{"type":"string","description":"messageLanguage","x-ms-powerflows-param-ispartial":false},"InviteB2BUser_ccRecipientsname":{"type":"string","description":"name","x-ms-powerflows-param-ispartial":false},"InviteB2BUser_ccRecipientsaddress":{"type":"string","description":"address","x-ms-powerflows-param-ispartial":false},"InviteB2BUser_customizedMessageBody":{"type":"string","description":"customizedMessageBody","x-ms-powerflows-param-ispartial":false},"InviteB2BUser_sendInvitationMessage":{"type":"boolean","description":"sendInvitationMessage","x-ms-powerflows-param-ispartial":false},"InviteB2BUser_inviteRedirectUrl":{"type":"string","description":"inviteRedirectUrl","x-ms-powerflows-param-ispartial":false},"CreateTeamsChatThread_teamId":{"type":"string","x-ms-powerflows-param-ispartial":false},"CreateTeamsChatThread_channelId":{"type":"string","x-ms-powerflows-param-ispartial":false}}}}}},"actions":{"Invite_B2B_User":{"runAfter":{},"metadata":{"flowSystemMetadata":{"swaggerOperationId":"InviteB2BUser"}},"type":"ApiConnection","inputs":{"host":{"api":{"runtimeUrl":"https://flow-apim-europe-001-northeurope-01.azure-apim.net/apim/powerapps.20microsoft.20graph.5faf0c49565087fa8-78783e2bf47c2a78"},"connection":{"name":"@json(decodeBase64(triggerOutputs().headers['X-MS-APIM-Tokens']))['$connections']['shared_powerapps.20microsoft.20graph.5faf0c49565087fa8-78783e2bf47c2a78']['connectionId']"}},"method":"post","body":{"invitedUserDisplayName":"@triggerBody()['InviteB2BUser_invitedUserDisplayName']","invitedUserEmailAddress":"@triggerBody()['InviteB2BUser_invitedUserEmailAddress']","invitedUserMessageInfo":{"messageLanguage":"@triggerBody()['InviteB2BUser_messageLanguage']","ccRecipients":[{"emailAddress":{"name":"@triggerBody()['InviteB2BUser_ccRecipientsname']","address":"@triggerBody()['InviteB2BUser_ccRecipientsaddress']"}}],"customizedMessageBody":"@triggerBody()['InviteB2BUser_customizedMessageBody']"},"sendInvitationMessage":"@triggerBody()['InviteB2BUser_sendInvitationMessage']","inviteRedirectUrl":"@triggerBody()['InviteB2BUser_inviteRedirectUrl']"},"path":"/beta/invitations","authentication":{"type":"Raw","value":"@json(decodeBase64(triggerOutputs().headers['X-MS-APIM-Tokens']))['$ConnectionKey']"}}},"Create_Teams_Chat_Thread":{"runAfter":{"Invite_B2B_User":["Succeeded"]},"metadata":{"flowSystemMetadata":{"swaggerOperationId":"CreateTeamsChatThread"}},"type":"ApiConnection","inputs":{"host":{"api":{"runtimeUrl":"https://flow-apim-europe-001-northeurope-01.azure-apim.net/apim/powerapps.20microsoft.20graph.5faf0c49565087fa8-78783e2bf47c2a78"},"connection":{"name":"@json(decodeBase64(triggerOutputs().headers['X-MS-APIM-Tokens']))['$connections']['shared_powerapps.20microsoft.20graph.5faf0c49565087fa8-78783e2bf47c2a78']['connectionId']"}},"method":"post","body":{"rootMessage":{"body":{"contentType":2,"content":"User @{body('Invite_B2B_User')?['invitedUserDisplayName']} (@{body('Invite_B2B_User')?['invitedUserEmailAddress']}) is invited to Azure AD!"}}},"path":"/beta/teams/@{encodeURIComponent(triggerBody()['CreateTeamsChatThread_teamId'])}/channels/@{encodeURIComponent(triggerBody()['CreateTeamsChatThread_channelId'])}/chatThreads","authentication":{"type":"Raw","value":"@json(decodeBase64(triggerOutputs().headers['X-MS-APIM-Tokens']))['$ConnectionKey']"}}}},"outputs":{},"description":"Create one or more actions to happen when a button or link in PowerApps is selected. To use this flow from a PowerApp, select the control you want to trigger the flow and go to the Action tab in the PowerApps ribbon and select Flows."},"connectionReferences":{"shared_powerapps.20microsoft.20graph.5faf0c49565087fa8-78783e2bf47c2a78":{"connectionName":"shared-powerapps.20m-36bbe63a-886e-4f5d-a10e-fca63d0a3016","source":"Invoker","id":"/providers/Microsoft.PowerApps/apis/shared_powerapps.20microsoft.20graph.5faf0c49565087fa8-78783e2bf47c2a78","tier":"NotSpecified"}},"flowFailureAlertSubscribed":false}}